Weekday,Views
Dilluns,209650.912
Dimarts,290453.33636363636
Dimecres,398006.55263157893
Dijous,297925.1842105263
Divendres,279011.4769230769
Dissabte,393425.5967741936
Diumenge,467393.98484848486
